0,AIRCONDITIONER:VARIABLEREFRIGERANTFLOW
1,AIRFLOWNETWORK:DISTRIBUTION:COMPONENT:COIL
2,AIRFLOWNETWORK:DISTRIBUTION:COMPONENT:CONSTANTPRESSUREDROP
3,AIRFLOWNETWORK:DISTRIBUTION:COMPONENT:CONSTANTVOLUMEFAN
4,AIRFLOWNETWORK:DISTRIBUTION:COMPONENT:DUCT
5,AIRFLOWNETWORK:DISTRIBUTION:COMPONENT:HEATEXCHANGER
6,AIRFLOWNETWORK:DISTRIBUTION:COMPONENT:LEAK
7,AIRFLOWNETWORK:DISTRIBUTION:COMPONENT:LEAKAGERATIO
8,AIRFLOWNETWORK:DISTRIBUTION:COMPONENT:TERMINALUNIT
9,AIRFLOWNETWORK:DISTRIBUTION:LINKAGE
10,AIRFLOWNETWORK:DISTRIBUTION:NODE
11,AIRFLOWNETWORK:MULTIZONE:COMPONENT:DETAILEDOPENING
12,AIRFLOWNETWORK:MULTIZONE:COMPONENT:HORIZONTALOPENING
13,AIRFLOWNETWORK:MULTIZONE:COMPONENT:SIMPLEOPENING
14,AIRFLOWNETWORK:MULTIZONE:COMPONENT:ZONEEXHAUSTFAN
15,AIRFLOWNETWORK:MULTIZONE:EXTERNALNODE
16,AIRFLOWNETWORK:MULTIZONE:REFERENCECRACKCONDITIONS
17,AIRFLOWNETWORK:MULTIZONE:SURFACE
18,AIRFLOWNETWORK:MULTIZONE:SURFACE:CRACK
19,AIRFLOWNETWORK:MULTIZONE:SURFACE:EFFECTIVELEAKAGEAREA
20,AIRFLOWNETWORK:MULTIZONE:WINDPRESSURECOEFFICIENTARRAY
21,AIRFLOWNETWORK:MULTIZONE:WINDPRESSURECOEFFICIENTVALUES
22,AIRFLOWNETWORK:MULTIZONE:ZONE
23,AIRFLOWNETWORK:SIMULATIONCONTROL
24,AIRLOOPHVAC
25,AIRLOOPHVAC:CONTROLLERLIST
26,AIRLOOPHVAC:OUTDOORAIRSYSTEM
27,AIRLOOPHVAC:OUTDOORAIRSYSTEM:EQUIPMENTLIST
28,AIRLOOPHVAC:RETURNPATH
29,AIRLOOPHVAC:RETURNPLENUM
30,AIRLOOPHVAC:SUPPLYPATH
31,AIRLOOPHVAC:SUPPLYPLENUM
32,AIRLOOPHVAC:UNITARY:FURNACE:HEATCOOL
33,AIRLOOPHVAC:UNITARY:FURNACE:HEATONLY
34,AIRLOOPHVAC:UNITARYHEATCOOL
35,AIRLOOPHVAC:UNITARYHEATCOOL:VAVCHANGEOVERBYPASS
36,AIRLOOPHVAC:UNITARYHEATONLY
37,AIRLOOPHVAC:UNITARYHEATPUMP:AIRTOAIR
38,AIRLOOPHVAC:UNITARYHEATPUMP:AIRTOAIR:MULTISPEED
39,AIRLOOPHVAC:UNITARYHEATPUMP:WATERTOAIR
40,AIRLOOPHVAC:ZONEMIXER
41,AIRLOOPHVAC:ZONESPLITTER
42,AIRTERMINAL:DUALDUCT:CONSTANTVOLUME
43,AIRTERMINAL:DUALDUCT:VAV
44,AIRTERMINAL:DUALDUCT:VAV:OUTDOORAIR
45,AIRTERMINAL:SINGLEDUCT:CONSTANTVOLUME:COOLEDBEAM
46,AIRTERMINAL:SINGLEDUCT:CONSTANTVOLUME:FOURPIPEINDUCTION
47,AIRTERMINAL:SINGLEDUCT:CONSTANTVOLUME:REHEAT
48,AIRTERMINAL:SINGLEDUCT:PARALLELPIU:REHEAT
49,AIRTERMINAL:SINGLEDUCT:SERIESPIU:REHEAT
50,AIRTERMINAL:SINGLEDUCT:UNCONTROLLED
51,AIRTERMINAL:SINGLEDUCT:USERDEFINED
52,AIRTERMINAL:SINGLEDUCT:VAV:HEATANDCOOL:NOREHEAT
53,AIRTERMINAL:SINGLEDUCT:VAV:HEATANDCOOL:REHEAT
54,AIRTERMINAL:SINGLEDUCT:VAV:NOREHEAT
55,AIRTERMINAL:SINGLEDUCT:VAV:REHEAT
56,AIRTERMINAL:SINGLEDUCT:VAV:REHEAT:VARIABLESPEEDFAN
57,AVAILABILITYMANAGER:DIFFERENTIALTHERMOSTAT
58,AVAILABILITYMANAGER:HIGHTEMPERATURETURNOFF
59,AVAILABILITYMANAGER:HIGHTEMPERATURETURNON
60,AVAILABILITYMANAGER:HYBRIDVENTILATION
61,AVAILABILITYMANAGER:LOWTEMPERATURETURNOFF
62,AVAILABILITYMANAGER:LOWTEMPERATURETURNON
63,AVAILABILITYMANAGER:NIGHTCYCLE
64,AVAILABILITYMANAGER:NIGHTVENTILATION
65,AVAILABILITYMANAGER:SCHEDULED
66,AVAILABILITYMANAGER:SCHEDULEDOFF
67,AVAILABILITYMANAGER:SCHEDULEDON
68,AVAILABILITYMANAGERASSIGNMENTLIST
69,BOILER:HOTWATER
70,BOILER:STEAM
71,BRANCH
72,BRANCHLIST
73,BUILDING
74,BUILDINGSURFACE:DETAILED
75,CEILING:ADIABATIC
76,CEILING:INTERZONE
77,CHILLER:ABSORPTION
78,CHILLER:ABSORPTION:INDIRECT
79,CHILLER:COMBUSTIONTURBINE
80,CHILLER:CONSTANTCOP
81,CHILLER:ELECTRIC
82,CHILLER:ELECTRIC:EIR
83,CHILLER:ELECTRIC:REFORMULATEDEIR
84,CHILLER:ENGINEDRIVEN
85,CHILLERHEATER:ABSORPTION:DIRECTFIRED
86,CHILLERHEATER:ABSORPTION:DOUBLEEFFECT
87,COIL:COOLING:DX:MULTISPEED
88,COIL:COOLING:DX:SINGLESPEED
89,COIL:COOLING:DX:TWOSPEED
90,COIL:COOLING:DX:TWOSTAGEWITHHUMIDITYCONTROLMODE
91,COIL:COOLING:DX:VARIABLEREFRIGERANTFLOW
92,COIL:COOLING:DX:VARIABLESPEED
93,COIL:COOLING:WATER
94,COIL:COOLING:WATER:DETAILEDGEOMETRY
95,COIL:COOLING:WATERTOAIRHEATPUMP:EQUATIONFIT
96,COIL:COOLING:WATERTOAIRHEATPUMP:PARAMETERESTIMATION
97,COIL:COOLING:WATERTOAIRHEATPUMP:VARIABLESPEEDEQUATIONFIT
98,COIL:HEATING:DESUPERHEATER
99,COIL:HEATING:DX:MULTISPEED
100,COIL:HEATING:DX:SINGLESPEED
101,COIL:HEATING:DX:VARIABLEREFRIGERANTFLOW
102,COIL:HEATING:DX:VARIABLESPEED
103,COIL:HEATING:ELECTRIC
104,COIL:HEATING:GAS
105,COIL:HEATING:STEAM
106,COIL:HEATING:WATER
107,COIL:HEATING:WATERTOAIRHEATPUMP:EQUATIONFIT
108,COIL:HEATING:WATERTOAIRHEATPUMP:PARAMETERESTIMATION
109,COIL:HEATING:WATERTOAIRHEATPUMP:VARIABLESPEEDEQUATIONFIT
110,COIL:USERDEFINED
111,COIL:WATERHEATING:AIRTOWATERHEATPUMP
112,COIL:WATERHEATING:DESUPERHEATER
113,COILPERFORMANCE:DX:COOLING
114,COILSYSTEM:COOLING:DX
115,COILSYSTEM:COOLING:DX:HEATEXCHANGERASSISTED
116,COILSYSTEM:COOLING:WATER:HEATEXCHANGERASSISTED
117,COILSYSTEM:HEATING:DX
118,COMFORTVIEWFACTORANGLES
119,COMPLIANCE:BUILDING
120,COMPONENTCOST:ADJUSTMENTS
121,COMPONENTCOST:LINEITEM
122,COMPONENTCOST:REFERENCE
123,CONDENSEREQUIPMENTLIST
124,CONDENSEREQUIPMENTOPERATIONSCHEMES
125,CONDENSERLOOP
126,CONNECTOR:MIXER
127,CONNECTOR:SPLITTER
128,CONNECTORLIST
129,CONSTRUCTION
130,CONSTRUCTION:CFACTORUNDERGROUNDWALL
131,CONSTRUCTION:COMPLEXFENESTRATIONSTATE
132,CONSTRUCTION:FFACTORGROUNDFLOOR
133,CONSTRUCTION:INTERNALSOURCE
134,CONSTRUCTION:WINDOWDATAFILE
135,CONTROLLER:MECHANICALVENTILATION
136,CONTROLLER:OUTDOORAIR
137,CONTROLLER:WATERCOIL
138,CONVERGENCELIMITS
139,COOLINGTOWER:SINGLESPEED
140,COOLINGTOWER:TWOSPEED
141,COOLINGTOWER:VARIABLESPEED
142,COOLINGTOWERPERFORMANCE:COOLTOOLS
143,COOLINGTOWERPERFORMANCE:YORKCALC
144,CURRENCYTYPE
145,CURVE:BICUBIC
146,CURVE:BIQUADRATIC
147,CURVE:CUBIC
148,CURVE:DOUBLEEXPONENTIALDECAY
149,CURVE:EXPONENT
150,CURVE:EXPONENTIALDECAY
151,CURVE:EXPONENTIALSKEWNORMAL
152,CURVE:FANPRESSURERISE
153,CURVE:FUNCTIONAL:PRESSUREDROP
154,CURVE:LINEAR
155,CURVE:QUADLINEAR
156,CURVE:QUADRATIC
157,CURVE:QUADRATICLINEAR
158,CURVE:QUARTIC
159,CURVE:RECTANGULARHYPERBOLA1
160,CURVE:RECTANGULARHYPERBOLA2
161,CURVE:SIGMOID
162,CURVE:TRIQUADRATIC
163,DAYLIGHTING:CONTROLS
164,DAYLIGHTING:DELIGHT:COMPLEXFENESTRATION
165,DAYLIGHTING:DELIGHT:CONTROLS
166,DAYLIGHTING:DELIGHT:REFERENCEPOINT
167,DAYLIGHTINGDEVICE:LIGHTWELL
168,DAYLIGHTINGDEVICE:SHELF
169,DAYLIGHTINGDEVICE:TUBULAR
170,DEHUMIDIFIER:DESICCANT:NOFANS
171,DEHUMIDIFIER:DESICCANT:SYSTEM
172,DEMANDMANAGER:ELECTRICEQUIPMENT
173,DEMANDMANAGER:EXTERIORLIGHTS
174,DEMANDMANAGER:LIGHTS
175,DEMANDMANAGER:THERMOSTATS
176,DEMANDMANAGERASSIGNMENTLIST
177,DESIGNSPECIFICATION:OUTDOORAIR
178,DESIGNSPECIFICATION:ZONEAIRDISTRIBUTION
179,DISTRICTCOOLING
180,DISTRICTHEATING
181,DOOR
182,DOOR:INTERZONE
183,DUCT
184,ELECTRICEQUIPMENT
185,ELECTRICLOADCENTER:DISTRIBUTION
186,ELECTRICLOADCENTER:GENERATORS
187,ELECTRICLOADCENTER:INVERTER:FUNCTIONOFPOWER
188,ELECTRICLOADCENTER:INVERTER:LOOKUPTABLE
189,ELECTRICLOADCENTER:INVERTER:SIMPLE
190,ELECTRICLOADCENTER:STORAGE:BATTERY
191,ELECTRICLOADCENTER:STORAGE:SIMPLE
192,ELECTRICLOADCENTER:TRANSFORMER
193,ENERGYMANAGEMENTSYSTEM:ACTUATOR
194,ENERGYMANAGEMENTSYSTEM:CONSTRUCTIONINDEXVARIABLE
195,ENERGYMANAGEMENTSYSTEM:CURVEORTABLEINDEXVARIABLE
196,ENERGYMANAGEMENTSYSTEM:GLOBALVARIABLE
197,ENERGYMANAGEMENTSYSTEM:INTERNALVARIABLE
198,ENERGYMANAGEMENTSYSTEM:METEREDOUTPUTVARIABLE
199,ENERGYMANAGEMENTSYSTEM:OUTPUTVARIABLE
200,ENERGYMANAGEMENTSYSTEM:PROGRAM
201,ENERGYMANAGEMENTSYSTEM:PROGRAMCALLINGMANAGER
202,ENERGYMANAGEMENTSYSTEM:SENSOR
203,ENERGYMANAGEMENTSYSTEM:SUBROUTINE
204,ENERGYMANAGEMENTSYSTEM:TRENDVARIABLE
205,ENVIRONMENTALIMPACTFACTORS
206,EVAPORATIVECOOLER:DIRECT:CELDEKPAD
207,EVAPORATIVECOOLER:DIRECT:RESEARCHSPECIAL
208,EVAPORATIVECOOLER:INDIRECT:CELDEKPAD
209,EVAPORATIVECOOLER:INDIRECT:RESEARCHSPECIAL
210,EVAPORATIVECOOLER:INDIRECT:WETCOIL
211,EVAPORATIVEFLUIDCOOLER:SINGLESPEED
212,EVAPORATIVEFLUIDCOOLER:TWOSPEED
213,EXTERIOR:FUELEQUIPMENT
214,EXTERIOR:LIGHTS
215,EXTERIOR:WATEREQUIPMENT
216,EXTERNALINTERFACE
217,EXTERNALINTERFACE:ACTUATOR
218,EXTERNALINTERFACE:FUNCTIONALMOCKUPUNITIMPORT
219,EXTERNALINTERFACE:FUNCTIONALMOCKUPUNITIMPORT:FROM:VARIABLE
220,EXTERNALINTERFACE:FUNCTIONALMOCKUPUNITIMPORT:TO:ACTUATOR
221,EXTERNALINTERFACE:FUNCTIONALMOCKUPUNITIMPORT:TO:SCHEDULE
222,EXTERNALINTERFACE:FUNCTIONALMOCKUPUNITIMPORT:TO:VARIABLE
223,EXTERNALINTERFACE:SCHEDULE
224,EXTERNALINTERFACE:VARIABLE
225,FAN:COMPONENTMODEL
226,FAN:CONSTANTVOLUME
227,FAN:ONOFF
228,FAN:VARIABLEVOLUME
229,FAN:ZONEEXHAUST
230,FANPERFORMANCE:NIGHTVENTILATION
231,FENESTRATIONSURFACE:DETAILED
232,FLOOR:ADIABATIC
233,FLOOR:DETAILED
234,FLOOR:GROUNDCONTACT
235,FLOOR:INTERZONE
236,FLUIDCOOLER:SINGLESPEED
237,FLUIDCOOLER:TWOSPEED
238,FLUIDPROPERTIES:CONCENTRATION
239,FLUIDPROPERTIES:GLYCOLCONCENTRATION
240,FLUIDPROPERTIES:NAME
241,FLUIDPROPERTIES:SATURATED
242,FLUIDPROPERTIES:SUPERHEATED
243,FLUIDPROPERTIES:TEMPERATURES
244,FUELFACTORS
245,GASEQUIPMENT
246,GENERATOR:COMBUSTIONTURBINE
247,GENERATOR:FUELCELL
248,GENERATOR:FUELCELL:AIRSUPPLY
249,GENERATOR:FUELCELL:AUXILIARYHEATER
250,GENERATOR:FUELCELL:ELECTRICALSTORAGE
251,GENERATOR:FUELCELL:EXHAUSTGASTOWATERHEATEXCHANGER
252,GENERATOR:FUELCELL:INVERTER
253,GENERATOR:FUELCELL:POWERMODULE
254,GENERATOR:FUELCELL:STACKCOOLER
255,GENERATOR:FUELCELL:WATERSUPPLY
256,GENERATOR:FUELSUPPLY
257,GENERATOR:INTERNALCOMBUSTIONENGINE
258,GENERATOR:MICROCHP
259,GENERATOR:MICROCHP:NONNORMALIZEDPARAMETERS
260,GENERATOR:MICROTURBINE
261,GENERATOR:PHOTOVOLTAIC
262,GENERATOR:WINDTURBINE
263,GEOMETRYTRANSFORM
264,GLAZEDDOOR
265,GLAZEDDOOR:INTERZONE
266,GLOBALGEOMETRYRULES
267,GROUNDHEATEXCHANGER:POND
268,GROUNDHEATEXCHANGER:SURFACE
269,GROUNDHEATEXCHANGER:VERTICAL
270,GROUNDHEATTRANSFER:BASEMENT:AUTOGRID
271,GROUNDHEATTRANSFER:BASEMENT:BLDGDATA
272,GROUNDHEATTRANSFER:BASEMENT:COMBLDG
273,GROUNDHEATTRANSFER:BASEMENT:EQUIVAUTOGRID
274,GROUNDHEATTRANSFER:BASEMENT:EQUIVSLAB
275,GROUNDHEATTRANSFER:BASEMENT:INSULATION
276,GROUNDHEATTRANSFER:BASEMENT:INTERIOR
277,GROUNDHEATTRANSFER:BASEMENT:MANUALGRID
278,GROUNDHEATTRANSFER:BASEMENT:MATLPROPS
279,GROUNDHEATTRANSFER:BASEMENT:SIMPARAMETERS
280,GROUNDHEATTRANSFER:BASEMENT:SURFACEPROPS
281,GROUNDHEATTRANSFER:BASEMENT:XFACE
282,GROUNDHEATTRANSFER:BASEMENT:YFACE
283,GROUNDHEATTRANSFER:BASEMENT:ZFACE
284,GROUNDHEATTRANSFER:CONTROL
285,GROUNDHEATTRANSFER:SLAB:AUTOGRID
286,GROUNDHEATTRANSFER:SLAB:BLDGPROPS
287,GROUNDHEATTRANSFER:SLAB:BOUNDCONDS
288,GROUNDHEATTRANSFER:SLAB:EQUIVALENTSLAB
289,GROUNDHEATTRANSFER:SLAB:INSULATION
290,GROUNDHEATTRANSFER:SLAB:MANUALGRID
291,GROUNDHEATTRANSFER:SLAB:MATERIALS
292,GROUNDHEATTRANSFER:SLAB:MATLPROPS
293,GROUNDHEATTRANSFER:SLAB:XFACE
294,GROUNDHEATTRANSFER:SLAB:YFACE
295,GROUNDHEATTRANSFER:SLAB:ZFACE
296,HEADEREDPUMPS:CONSTANTSPEED
297,HEADEREDPUMPS:VARIABLESPEED
298,HEATBALANCEALGORITHM
299,HEATBALANCESETTINGS:CONDUCTIONFINITEDIFFERENCE
300,HEATEXCHANGER:AIRTOAIR:FLATPLATE
301,HEATEXCHANGER:AIRTOAIR:SENSIBLEANDLATENT
302,HEATEXCHANGER:DESICCANT:BALANCEDFLOW
303,HEATEXCHANGER:DESICCANT:BALANCEDFLOW:PERFORMANCEDATATYPE1
304,HEATEXCHANGER:HYDRONIC
305,HEATEXCHANGER:PLATE
306,HEATEXCHANGER:WATERSIDEECONOMIZER
307,HEATPUMP:WATERTOWATER:EQUATIONFIT:COOLING
308,HEATPUMP:WATERTOWATER:EQUATIONFIT:HEATING
309,HEATPUMP:WATERTOWATER:PARAMETERESTIMATION:COOLING
310,HEATPUMP:WATERTOWATER:PARAMETERESTIMATION:HEATING
311,HOTWATEREQUIPMENT
312,HUMIDIFIER:STEAM:ELECTRIC
313,HVACTEMPLATE:PLANT:BOILER
314,HVACTEMPLATE:PLANT:BOILER:OBJECTREFERENCE
315,HVACTEMPLATE:PLANT:CHILLEDWATERLOOP
316,HVACTEMPLATE:PLANT:CHILLER
317,HVACTEMPLATE:PLANT:CHILLER:OBJECTREFERENCE
318,HVACTEMPLATE:PLANT:HOTWATERLOOP
319,HVACTEMPLATE:PLANT:MIXEDWATERLOOP
320,HVACTEMPLATE:PLANT:TOWER
321,HVACTEMPLATE:PLANT:TOWER:OBJECTREFERENCE
322,HVACTEMPLATE:SYSTEM:DEDICATEDOUTDOORAIR
323,HVACTEMPLATE:SYSTEM:PACKAGEDVAV
324,HVACTEMPLATE:SYSTEM:UNITARY
325,HVACTEMPLATE:SYSTEM:UNITARYHEATPUMP:AIRTOAIR
326,HVACTEMPLATE:SYSTEM:VAV
327,HVACTEMPLATE:THERMOSTAT
328,HVACTEMPLATE:ZONE:FANCOIL
329,HVACTEMPLATE:ZONE:IDEALLOADSAIRSYSTEM
330,HVACTEMPLATE:ZONE:PTAC
331,HVACTEMPLATE:ZONE:PTHP
332,HVACTEMPLATE:ZONE:UNITARY
333,HVACTEMPLATE:ZONE:VAV
334,HVACTEMPLATE:ZONE:VAV:FANPOWERED
335,HVACTEMPLATE:ZONE:WATERTOAIRHEATPUMP
336,INTERNALMASS
337,LEAD INPUT
338,LIFECYCLECOST:NONRECURRINGCOST
339,LIFECYCLECOST:PARAMETERS
340,LIFECYCLECOST:RECURRINGCOSTS
341,LIFECYCLECOST:USEADJUSTMENT
342,LIFECYCLECOST:USEPRICEESCALATION
343,LIGHTS
344,LOADPROFILE:PLANT
345,MATERIAL
346,MATERIAL:AIRGAP
347,MATERIAL:INFRAREDTRANSPARENT
348,MATERIAL:NOMASS
349,MATERIAL:ROOFVEGETATION
350,MATERIALPROPERTY:GLAZINGSPECTRALDATA
351,MATERIALPROPERTY:HEATANDMOISTURETRANSFER:DIFFUSION
352,MATERIALPROPERTY:HEATANDMOISTURETRANSFER:REDISTRIBUTION
353,MATERIALPROPERTY:HEATANDMOISTURETRANSFER:SETTINGS
354,MATERIALPROPERTY:HEATANDMOISTURETRANSFER:SORPTIONISOTHERM
355,MATERIALPROPERTY:HEATANDMOISTURETRANSFER:SUCTION
356,MATERIALPROPERTY:HEATANDMOISTURETRANSFER:THERMALCONDUCTIVITY
357,MATERIALPROPERTY:MOISTUREPENETRATIONDEPTH:SETTINGS
358,MATERIALPROPERTY:PHASECHANGE
359,MATERIALPROPERTY:VARIABLETHERMALCONDUCTIVITY
360,MATRIX:TWODIMENSION
361,METER:CUSTOM
362,METER:CUSTOMDECREMENT
363,NODELIST
364,OTHEREQUIPMENT
365,OUTDOORAIR:MIXER
366,OUTDOORAIR:NODE
367,OUTDOORAIR:NODELIST
368,OUTPUT:CONSTRUCTIONS
369,OUTPUT:DAYLIGHTFACTORS
370,OUTPUT:DEBUGGINGDATA
371,OUTPUT:DIAGNOSTICS
372,OUTPUT:ENERGYMANAGEMENTSYSTEM
373,OUTPUT:ENVIRONMENTALIMPACTFACTORS
374,OUTPUT:ILLUMINANCEMAP
375,OUTPUT:METER
376,OUTPUT:METER:CUMULATIVE
377,OUTPUT:METER:CUMULATIVE:METERFILEONLY
378,OUTPUT:METER:METERFILEONLY
379,OUTPUT:PREPROCESSORMESSAGE
380,OUTPUT:SCHEDULES
381,OUTPUT:SQLITE
382,OUTPUT:SURFACES:DRAWING
383,OUTPUT:SURFACES:LIST
384,OUTPUT:TABLE:MONTHLY
385,OUTPUT:TABLE:SUMMARYREPORTS
386,OUTPUT:TABLE:TIMEBINS
387,OUTPUT:VARIABLE
388,OUTPUT:VARIABLEDICTIONARY
389,OUTPUTCONTROL:ILLUMINANCEMAP:STYLE
390,OUTPUTCONTROL:REPORTINGTOLERANCES
391,OUTPUTCONTROL:SIZING:STYLE
392,OUTPUTCONTROL:SURFACECOLORSCHEME
393,OUTPUTCONTROL:TABLE:STYLE
394,PARAMETRIC:FILENAMESUFFIX
395,PARAMETRIC:LOGIC
396,PARAMETRIC:RUNCONTROL
397,PARAMETRIC:SETVALUEFORRUN
398,PEOPLE
399,PHOTOVOLTAICPERFORMANCE:EQUIVALENTONE-DIODE
400,PHOTOVOLTAICPERFORMANCE:SANDIA
401,PHOTOVOLTAICPERFORMANCE:SIMPLE
402,PIPE:ADIABATIC
403,PIPE:ADIABATIC:STEAM
404,PIPE:INDOOR
405,PIPE:OUTDOOR
406,PIPE:UNDERGROUND
407,PIPINGSYSTEM:UNDERGROUND:DOMAIN
408,PIPINGSYSTEM:UNDERGROUND:PIPECIRCUIT
409,PIPINGSYSTEM:UNDERGROUND:PIPESEGMENT
410,PLANTCOMPONENT:USERDEFINED
411,PLANTEQUIPMENTLIST
412,PLANTEQUIPMENTOPERATION:COMPONENTSETPOINT
413,PLANTEQUIPMENTOPERATION:COOLINGLOAD
414,PLANTEQUIPMENTOPERATION:HEATINGLOAD
415,PLANTEQUIPMENTOPERATION:OUTDOORDEWPOINT
416,PLANTEQUIPMENTOPERATION:OUTDOORDEWPOINTDIFFERENCE
417,PLANTEQUIPMENTOPERATION:OUTDOORDRYBULB
418,PLANTEQUIPMENTOPERATION:OUTDOORDRYBULBDIFFERENCE
419,PLANTEQUIPMENTOPERATION:OUTDOORRELATIVEHUMIDITY
420,PLANTEQUIPMENTOPERATION:OUTDOORWETBULB
421,PLANTEQUIPMENTOPERATION:OUTDOORWETBULBDIFFERENCE
422,PLANTEQUIPMENTOPERATION:UNCONTROLLED
423,PLANTEQUIPMENTOPERATIONSCHEMES
424,PLANTLOOP
425,PROGRAMCONTROL
426,PUMP:CONSTANTSPEED
427,PUMP:VARIABLESPEED
428,PUMP:VARIABLESPEED:CONDENSATE
429,REFRIGERATION:AIRCHILLER
430,REFRIGERATION:CASE
431,REFRIGERATION:CASEANDWALKINLIST
432,REFRIGERATION:COMPRESSOR
433,REFRIGERATION:COMPRESSORLIST
434,REFRIGERATION:COMPRESSORRACK
435,REFRIGERATION:CONDENSER:AIRCOOLED
436,REFRIGERATION:CONDENSER:CASCADE
437,REFRIGERATION:CONDENSER:EVAPORATIVECOOLED
438,REFRIGERATION:CONDENSER:WATERCOOLED
439,REFRIGERATION:GASCOOLER:AIRCOOLED
440,REFRIGERATION:SECONDARYSYSTEM
441,REFRIGERATION:SUBCOOLER
442,REFRIGERATION:SYSTEM
443,REFRIGERATION:TRANSCRITICALSYSTEM
444,REFRIGERATION:TRANSFERLOADLIST
445,REFRIGERATION:WALKIN
446,ROOF
447,ROOFCEILING:DETAILED
448,ROOFIRRIGATION
449,ROOMAIR:NODE
450,ROOMAIR:TEMPERATUREPATTERN:CONSTANTGRADIENT
451,ROOMAIR:TEMPERATUREPATTERN:NONDIMENSIONALHEIGHT
452,ROOMAIR:TEMPERATUREPATTERN:SURFACEMAPPING
453,ROOMAIR:TEMPERATUREPATTERN:TWOGRADIENT
454,ROOMAIR:TEMPERATUREPATTERN:USERDEFINED
455,ROOMAIRMODELTYPE
456,ROOMAIRSETTINGS:CROSSVENTILATION
457,ROOMAIRSETTINGS:ONENODEDISPLACEMENTVENTILATION
458,ROOMAIRSETTINGS:THREENODEDISPLACEMENTVENTILATION
459,ROOMAIRSETTINGS:UNDERFLOORAIRDISTRIBUTIONEXTERIOR
460,ROOMAIRSETTINGS:UNDERFLOORAIRDISTRIBUTIONINTERIOR
461,RUNPERIOD
462,RUNPERIOD:CUSTOMRANGE
463,RUNPERIODCONTROL:DAYLIGHTSAVINGTIME
464,RUNPERIODCONTROL:SPECIALDAYS
465,SCHEDULE:COMPACT
466,SCHEDULE:CONSTANT
467,SCHEDULE:DAY:HOURLY
468,SCHEDULE:DAY:INTERVAL
469,SCHEDULE:DAY:LIST
470,SCHEDULE:FILE
471,SCHEDULE:WEEK:COMPACT
472,SCHEDULE:WEEK:DAILY
473,SCHEDULE:YEAR
474,SCHEDULETYPELIMITS
475,SETPOINTMANAGER:COLDEST
476,SETPOINTMANAGER:CONDENSERENTERINGRESET
477,SETPOINTMANAGER:CONDENSERENTERINGRESET:IDEAL
478,SETPOINTMANAGER:FOLLOWGROUNDTEMPERATURE
479,SETPOINTMANAGER:FOLLOWOUTDOORAIRTEMPERATURE
480,SETPOINTMANAGER:FOLLOWSYSTEMNODETEMPERATURE
481,SETPOINTMANAGER:MIXEDAIR
482,SETPOINTMANAGER:MULTIZONE:COOLING:AVERAGE
483,SETPOINTMANAGER:MULTIZONE:HEATING:AVERAGE
484,SETPOINTMANAGER:MULTIZONE:HUMIDITY:MAXIMUM
485,SETPOINTMANAGER:MULTIZONE:HUMIDITY:MINIMUM
486,SETPOINTMANAGER:MULTIZONE:MAXIMUMHUMIDITY:AVERAGE
487,SETPOINTMANAGER:MULTIZONE:MINIMUMHUMIDITY:AVERAGE
488,SETPOINTMANAGER:OUTDOORAIRPRETREAT
489,SETPOINTMANAGER:OUTDOORAIRRESET
490,SETPOINTMANAGER:RETURNAIRBYPASSFLOW
491,SETPOINTMANAGER:SCHEDULED
492,SETPOINTMANAGER:SCHEDULED:DUALSETPOINT
493,SETPOINTMANAGER:SINGLEZONE:COOLING
494,SETPOINTMANAGER:SINGLEZONE:HEATING
495,SETPOINTMANAGER:SINGLEZONE:HUMIDITY:MAXIMUM
496,SETPOINTMANAGER:SINGLEZONE:HUMIDITY:MINIMUM
497,SETPOINTMANAGER:SINGLEZONE:REHEAT
498,SETPOINTMANAGER:WARMEST
499,SETPOINTMANAGER:WARMESTTEMPERATUREFLOW
500,SHADING:BUILDING
501,SHADING:BUILDING:DETAILED
502,SHADING:FIN
503,SHADING:FIN:PROJECTION
504,SHADING:OVERHANG
505,SHADING:OVERHANG:PROJECTION
506,SHADING:SITE
507,SHADING:SITE:DETAILED
508,SHADING:ZONE:DETAILED
509,SHADINGPROPERTY:REFLECTANCE
510,SHADOWCALCULATION
511,SIMULATION DATA
512,SIMULATIONCONTROL
513,SITE:GROUNDREFLECTANCE
514,SITE:GROUNDREFLECTANCE:SNOWMODIFIER
515,SITE:GROUNDTEMPERATURE:BUILDINGSURFACE
516,SITE:GROUNDTEMPERATURE:DEEP
517,SITE:GROUNDTEMPERATURE:FCFACTORMETHOD
518,SITE:GROUNDTEMPERATURE:SHALLOW
519,SITE:HEIGHTVARIATION
520,SITE:LOCATION
521,SITE:PRECIPITATION
522,SITE:WATERMAINSTEMPERATURE
523,SITE:WEATHERSTATION
524,SIZING:PARAMETERS
525,SIZING:PLANT
526,SIZING:SYSTEM
527,SIZING:ZONE
528,SIZINGPERIOD:DESIGNDAY
529,SIZINGPERIOD:WEATHERFILECONDITIONTYPE
530,SIZINGPERIOD:WEATHERFILEDAYS
531,SOLARCOLLECTOR:FLATPLATE:PHOTOVOLTAICTHERMAL
532,SOLARCOLLECTOR:FLATPLATE:WATER
533,SOLARCOLLECTOR:INTEGRALCOLLECTORSTORAGE
534,SOLARCOLLECTOR:UNGLAZEDTRANSPIRED
535,SOLARCOLLECTOR:UNGLAZEDTRANSPIRED:MULTISYSTEM
536,SOLARCOLLECTORPERFORMANCE:FLATPLATE
537,SOLARCOLLECTORPERFORMANCE:INTEGRALCOLLECTORSTORAGE
538,SOLARCOLLECTORPERFORMANCE:PHOTOVOLTAICTHERMAL:SIMPLE
539,STEAMEQUIPMENT
540,SURFACECONTAMINANTSOURCEANDSINK:GENERIC:BOUNDARYLAYERDIFFUSION
541,SURFACECONTAMINANTSOURCEANDSINK:GENERIC:DEPOSITIONVELOCITYSINK
542,SURFACECONTAMINANTSOURCEANDSINK:GENERIC:PRESSUREDRIVEN
543,SURFACECONTROL:MOVABLEINSULATION
544,SURFACECONVECTIONALGORITHM:INSIDE
545,SURFACECONVECTIONALGORITHM:INSIDE:ADAPTIVEMODELSELECTIONS
546,SURFACECONVECTIONALGORITHM:INSIDE:USERCURVE
547,SURFACECONVECTIONALGORITHM:OUTSIDE
548,SURFACECONVECTIONALGORITHM:OUTSIDE:ADAPTIVEMODELSELECTIONS
549,SURFACECONVECTIONALGORITHM:OUTSIDE:USERCURVE
550,SURFACEPROPERTIES:VAPORCOEFFICIENTS
551,SURFACEPROPERTY:CONVECTIONCOEFFICIENTS
552,SURFACEPROPERTY:CONVECTIONCOEFFICIENTS:MULTIPLESURFACE
553,SURFACEPROPERTY:EXTERIORNATURALVENTEDCAVITY
554,SURFACEPROPERTY:HEATTRANSFERALGORITHM
555,SURFACEPROPERTY:HEATTRANSFERALGORITHM:CONSTRUCTION
556,SURFACEPROPERTY:HEATTRANSFERALGORITHM:MULTIPLESURFACE
557,SURFACEPROPERTY:HEATTRANSFERALGORITHM:SURFACELIST
558,SURFACEPROPERTY:OTHERSIDECOEFFICIENTS
559,SURFACEPROPERTY:OTHERSIDECONDITIONSMODEL
560,TABLE:MULTIVARIABLELOOKUP
561,TABLE:ONEINDEPENDENTVARIABLE
562,TABLE:TWOINDEPENDENTVARIABLES
563,TEMPERINGVALVE
564,THERMALSTORAGE:CHILLEDWATER:MIXED
565,THERMALSTORAGE:CHILLEDWATER:STRATIFIED
566,THERMALSTORAGE:ICE:DETAILED
567,THERMALSTORAGE:ICE:SIMPLE
568,THERMOSTATSETPOINT:DUALSETPOINT
569,THERMOSTATSETPOINT:SINGLECOOLING
570,THERMOSTATSETPOINT:SINGLEHEATING
571,THERMOSTATSETPOINT:SINGLEHEATINGORCOOLING
572,THERMOSTATSETPOINT:THERMALCOMFORT:FANGER:DUALSETPOINT
573,THERMOSTATSETPOINT:THERMALCOMFORT:FANGER:SINGLECOOLING
574,THERMOSTATSETPOINT:THERMALCOMFORT:FANGER:SINGLEHEATING
575,THERMOSTATSETPOINT:THERMALCOMFORT:FANGER:SINGLEHEATINGORCOOLING
576,TIMESTEP
577,UTILITYCOST:CHARGE:BLOCK
578,UTILITYCOST:CHARGE:SIMPLE
579,UTILITYCOST:COMPUTATION
580,UTILITYCOST:QUALIFY
581,UTILITYCOST:RATCHET
582,UTILITYCOST:TARIFF
583,UTILITYCOST:VARIABLE
584,VERSION
585,WALL:ADIABATIC
586,WALL:DETAILED
587,WALL:EXTERIOR
588,WALL:INTERZONE
589,WALL:UNDERGROUND
590,WATERHEATER:HEATPUMP
591,WATERHEATER:MIXED
592,WATERHEATER:SIZING
593,WATERHEATER:STRATIFIED
594,WATERUSE:CONNECTIONS
595,WATERUSE:EQUIPMENT
596,WATERUSE:RAINCOLLECTOR
597,WATERUSE:STORAGE
598,WATERUSE:WELL
599,WEATHERPROPERTY:SKYTEMPERATURE
600,WINDOW
601,WINDOW:INTERZONE
602,WINDOWGAP:DEFLECTIONSTATE
603,WINDOWGAP:SUPPORTPILLAR
604,WINDOWMATERIAL:BLIND
605,WINDOWMATERIAL:COMPLEXSHADE
606,WINDOWMATERIAL:GAP
607,WINDOWMATERIAL:GAS
608,WINDOWMATERIAL:GASMIXTURE
609,WINDOWMATERIAL:GLAZING
610,WINDOWMATERIAL:GLAZING:REFRACTIONEXTINCTIONMETHOD
611,WINDOWMATERIAL:GLAZINGGROUP:THERMOCHROMIC
612,WINDOWMATERIAL:SCREEN
613,WINDOWMATERIAL:SHADE
614,WINDOWMATERIAL:SIMPLEGLAZINGSYSTEM
615,WINDOWPROPERTY:AIRFLOWCONTROL
616,WINDOWPROPERTY:FRAMEANDDIVIDER
617,WINDOWPROPERTY:SHADINGCONTROL
618,WINDOWPROPERTY:STORMWINDOW
619,WINDOWTHERMALMODEL:PARAMS
620,ZONE
621,ZONEAIRBALANCE:OUTDOORAIR
622,ZONEAIRCONTAMINANTBALANCE
623,ZONEAIRHEATBALANCEALGORITHM
624,ZONEBASEBOARD:OUTDOORTEMPERATURECONTROLLED
625,ZONECAPACITANCEMULTIPLIER:RESEARCHSPECIAL
626,ZONECONTAMINANTSOURCEANDSINK:CARBONDIOXIDE
627,ZONECONTAMINANTSOURCEANDSINK:GENERIC:CONSTANT
628,ZONECONTAMINANTSOURCEANDSINK:GENERIC:CUTOFFMODEL
629,ZONECONTAMINANTSOURCEANDSINK:GENERIC:DECAYSOURCE
630,ZONECONTAMINANTSOURCEANDSINK:GENERIC:DEPOSITIONRATESINK
631,ZONECONTROL:CONTAMINANTCONTROLLER
632,ZONECONTROL:HUMIDISTAT
633,ZONECONTROL:THERMOSTAT
634,ZONECONTROL:THERMOSTAT:OPERATIVETEMPERATURE
635,ZONECONTROL:THERMOSTAT:TEMPERATUREANDHUMIDITY
636,ZONECONTROL:THERMOSTAT:THERMALCOMFORT
637,ZONECOOLTOWER:SHOWER
638,ZONECROSSMIXING
639,ZONEEARTHTUBE
640,ZONEGROUP
641,ZONEHVAC:AIRDISTRIBUTIONUNIT
642,ZONEHVAC:BASEBOARD:CONVECTIVE:ELECTRIC
643,ZONEHVAC:BASEBOARD:CONVECTIVE:WATER
644,ZONEHVAC:BASEBOARD:RADIANTCONVECTIVE:ELECTRIC
645,ZONEHVAC:BASEBOARD:RADIANTCONVECTIVE:STEAM
646,ZONEHVAC:BASEBOARD:RADIANTCONVECTIVE:WATER
647,ZONEHVAC:DEHUMIDIFIER:DX
648,ZONEHVAC:ENERGYRECOVERYVENTILATOR
649,ZONEHVAC:ENERGYRECOVERYVENTILATOR:CONTROLLER
650,ZONEHVAC:EQUIPMENTCONNECTIONS
651,ZONEHVAC:EQUIPMENTLIST
652,ZONEHVAC:FORCEDAIR:USERDEFINED
653,ZONEHVAC:FOURPIPEFANCOIL
654,ZONEHVAC:HIGHTEMPERATURERADIANT
655,ZONEHVAC:IDEALLOADSAIRSYSTEM
656,ZONEHVAC:LOWTEMPERATURERADIANT:CONSTANTFLOW
657,ZONEHVAC:LOWTEMPERATURERADIANT:ELECTRIC
658,ZONEHVAC:LOWTEMPERATURERADIANT:SURFACEGROUP
659,ZONEHVAC:LOWTEMPERATURERADIANT:VARIABLEFLOW
660,ZONEHVAC:OUTDOORAIRUNIT
661,ZONEHVAC:OUTDOORAIRUNIT:EQUIPMENTLIST
662,ZONEHVAC:PACKAGEDTERMINALAIRCONDITIONER
663,ZONEHVAC:PACKAGEDTERMINALHEATPUMP
664,ZONEHVAC:REFRIGERATIONCHILLERSET
665,ZONEHVAC:TERMINALUNIT:VARIABLEREFRIGERANTFLOW
666,ZONEHVAC:UNITHEATER
667,ZONEHVAC:UNITVENTILATOR
668,ZONEHVAC:VENTILATEDSLAB
669,ZONEHVAC:VENTILATEDSLAB:SLABGROUP
670,ZONEHVAC:WATERTOAIRHEATPUMP
671,ZONEHVAC:WINDOWAIRCONDITIONER
672,ZONEINFILTRATION:DESIGNFLOWRATE
673,ZONEINFILTRATION:EFFECTIVELEAKAGEAREA
674,ZONEINFILTRATION:FLOWCOEFFICIENT
675,ZONELIST
676,ZONEMIXING
677,ZONEPROPERTY:USERVIEWFACTORS:BYSURFACENAME
678,ZONEREFRIGERATIONDOORMIXING
679,ZONETERMINALUNITLIST
680,ZONETHERMALCHIMNEY
681,ZONEVENTILATION:DESIGNFLOWRATE
682,ZONEVENTILATION:WINDANDSTACKOPENAREA
